[{"user1":"Vakle2","user2":"Vakle","message":"hey"},{"user1":"Vakle","user2":"Vakle2","message":"yo"},{"user1":"Vakle2","user2":"Vakle","message":"omg det her er så sejt"},{"user1":"Vakle","user2":"Vakle2","message":"fr"},{"user1":"Vakle2","user2":null,"message":""},{"user1":"Vakle2","user2":"Vakle2","message":"test"},{"user1":"Vakle2","user2":"Vakle2","message":"ey"},{"user1":"Vakle","user2":"Vakle2","message":"jeg kan ærligt ik fatte det her virker"},{"user1":"Vakle","user2":"Vakle","message":"yo"},{"user1":"Vakle","user2":"Vakle","message":"big man"}]